Maker/Brand,Maker_Brand,2013,2014,2015,2016,2017,2018,2019,2020,2021,2022
Acura,Acura ILX,20430,17854,18531,14597,11757,11273,14685,13414,13900,6296
Acura,Acura Integra,0,0,0,0,0,0,0,0,0,13027
Acura,Acura TL,24318,10616,88,0,0,0,0,0,0,0
Acura,Acura TLX,0,19127,47080,37156,34846,30468,26548,21785,26100,11508
Acura,Acura TSX,17484,6287,35,4,0,0,0,0,0,0
Acura,Acura RL,0,0,0,0,0,0,0,0,0,0
Acura,Acura RLX,0,3413,2195,1478,1237,1931,1019,1055,214,3
Acura,Acura RLX/RL,5053,0,0,0,0,0,0,0,0,0
Acura,Acura NSX,0,0,0,269,581,170,238,128,124,298
Acura,Acura RDX,44750,44865,51026,52361,51295,63580,62876,52785,57013,24749
Acura,Acura MDX,53040,65603,58208,55495,54886,51512,52019,47816,60057,46425
Acura,Acura ZDX,361,78,2,0,0,0,0,0,0,0
Alfa Romeo,Alfa Romeo 4C,0,91,663,480,407,238,144,99,77,1
Alfa Romeo,Alfa Romeo GIULIA,0,0,0,36,8903,11519,8704,8216,7634,5092
Alfa Romeo,Alfa Romeo Stelvio,0,0,0,0,2721,12043,9444,10271,10539,7752
Aston Martin,Aston Martin Unclassified,0,0,1020,1032,684,984,1164,1632,1350,1845
Audi,Audi A3,857,22250,35984,31538,23610,18305,10418,9937,2390,9788
Audi,Audi A4,36744,33993,29013,34687,34434,34566,26435,18341,16263,15239
Audi,Audi A4 Allroad quattro,5386,4686,2818,2300,3240,N/A,0,0,0,0
Audi,Audi A5,18664,16620,12934,8354,21301,25972,23023,18828,17408,18349
Audi,Audi TT,2053,1158,1167,3044,2294,1289,1324,830,986,516
Audi,Audi A6,22428,23941,22850,18686,16304,10561,17807,10535,9544,6003
Audi,Audi A7,8483,8133,7721,6558,4810,3852,4955,2859,3081,2237
Audi,Audi e0tron GT,0,0,0,0,0,0,0,0,1226,2275
Audi,Audi A8,6300,5904,4990,4149,3127,1599,2963,2376,2069,1594
Audi,Audi R8,813,735,495,736,772,927,574,581,649,314
Audi,Audi Q3,0,3654,13229,20048,20633,16828,14822,27251,34462,25066
Audi,Audi Q4 e0tron,0,0,0,0,0,0,0,0,64,3505
Audi,Audi Q5,40355,42420,52006,49550,57640,69978,67516,50435,60301,62912
Audi,Audi e0tron,0,0,0,0,0,0,5369,7202,9695,10397
Audi,Audi Q8,0,0,0,0,0,2029,14256,12074,12538,9372
Bentley,Bentley Unclassified,0,0,2686,2581,2405,2395,1882,1553,3350,3837
BMW,BMW i3,0,6092,11024,7625,6276,6117,4854,1703,1476,9
BMW,BMW 1 Series,7220,0,0,0,0,0,0,0,0,0
BMW,BMW 1/2 Series,0,7345,13020,0,0,0,0,0,0,0
BMW,BMW 2 Series,0,0,0,15519,11737,9208,8015,14618,15683,11548
BMW,BMW 3 Series,0,0,94527,70458,59449,44578,47827,41249,49461,30400
BMW,BMW 3/4 Series,119521,142232,0,0,0,0,0,0,0,0
BMW,BMW 4 Series,0,0,46082,35763,39634,31379,18621,9495,22937,28491
BMW,BMW Z4,2480,2151,1829,1187,502,4,2941,2371,2367,1567
BMW,BMW 6 Series,9762,8647,8146,3947,3355,3762,1139,199,55,0
BMW,BMW 5 Series,56863,52704,44162,32408,40658,43937,38709,26785,24523,20859
BMW,BMW i4,0,0,0,0,0,0,0,0,0,8463
BMW,BMW 7 Series,10932,9744,9292,12918,9276,8271,8823,6443,7706,5692
BMW,BMW 8 Series,0,0,0,0,0,223,4410,7737,7760,7311
BMW,BMW i7,0,0,0,0,0,0,0,0,0,284
BMW,BMW i8,0,555,2265,1594,488,772,1102,188,18,5
BMW,BMW X1,26512,22808,14420,27812,30826,29060,17815,14405,18253,7103
BMW,BMW X2,0,0,0,0,0,16154,11293,7387,6565,2641
BMW,BMW iX,0,0,0,0,0,0,0,0,0,5665
BMW,BMW X3,30623,33824,31924,44196,40691,61351,70110,59941,75858,65799
BMW,BMW X4,0,2709,6429,4989,5198,4323,8758,7677,10620,9797
BMW,BMW X7,0,0,0,0,0,0,21574,20579,23046,30706
BMW,BMW X5,39818,47031,54997,47641,50815,45013,54595,50642,60725,82372
BMW,BMW X6,5549,3896,7906,7117,6780,6862,4240,7313,9591,13676
Buick,Buick Cascada,0,0,0,7153,5595,4136,2535,12,7,0
Buick,Buick Verano,45527,43743,31886,30277,4277,210,3,0,0,0
Buick,Buick LaCrosse,48798,51468,42035,27582,20161,15527,7241,230,18,0
Buick,Buick Regal,18685,22560,19504,19833,11559,14118,10363,2484,43,49
Buick,Buick Lucerne,9,0,0,0,0,0,0,0,0,0
Buick,Buick Encore,31956,48892,67549,78565,88035,93073,102402,41752,20072,13718
Buick,Buick Encore GX,0,0,0,0,0,0,0,44841,71247,33348
Buick,Buick Envision,0,0,0,14193,41040,30152,33229,34942,46450,25871
Buick,Buick Enclave,60534,62300,62081,52028,48564,49647,51156,38480,41962,30533
Cadillac,Cadillac ATS,38319,29890,26873,21505,13100,10859,1134,116,17,0
Cadillac,Cadillac ELR,6,1310,1024,534,17,2,0,0,0,0
Cadillac,Cadillac CT4,0,0,0,0,0,0,0,4889,7253,9271
Cadillac,Cadillac CT5,0,0,0,0,0,0,43,14711,9446,15896
Cadillac,Cadillac CT6,0,0,0,9169,10542,9668,7951,3117,174,23
Cadillac,Cadillac CTS,32343,31115,19485,15911,10344,11219,6965,611,162,0
Cadillac,Cadillac DTS,19,0,0,0,0,0,0,0,0,0
Cadillac,Cadillac STS,7,0,0,0,0,0,0,0,0,0
Cadillac,Cadillac XTS,32559,24335,23112,22171,16275,17727,11304,1199,132,0
Cadillac,Cadillac XT4,0,0,0,0,0,7785,31987,22473,11579,21774
Cadillac,Cadillac Lyriq,0,0,0,0,0,0,0,0,0,122
Cadillac,Cadillac SRX,56776,53578,68850,22139,156,5,0,0,0,0
Cadillac,Cadillac XT5,0,0,0,39485,68312,60565,49879,35223,28380,27340
Cadillac,Cadillac XT6,0,0,0,0,0,0,11559,22609,20662,20053
Cadillac,Cadillac Escalade,22514,30522,35921,39092,37694,36872,35424,24547,40505,40247
Chevrolet,Chevrolet Spark,34130,39159,32853,35511,22589,23602,31281,33478,24459,13710
Chevrolet,Chevrolet Aveo,2,0,0,0,0,0,0,0,0,0
Chevrolet,Chevrolet Bolt,0,0,0,579,23297,18019,16418,20754,22073,11029
Chevrolet,Chevrolet Sonic,85646,93518,64775,55255,30290,20613,13971,13007,1581,6
Chevrolet,Chevrolet Cruze,248224,273060,226602,188876,184751,142617,47975,784,57,0
Chevrolet,Chevrolet Volt,23094,18805,15393,24739,20349,18306,4910,71,16,0
Chevrolet,Chevrolet Camaro,80567,86297,77502,72705,67940,50963,48265,29775,21893,24652
Chevrolet,Chevrolet Caprice,3899,3727,1845,1021,693,75,7,0,0,0
Chevrolet,Chevrolet SS,418,2479,2895,3013,4055,55,2,0,0,0
Chevrolet,Chevrolet Impala,156797,140280,116825,97006,75877,56556,44978,9942,750,10
Chevrolet,Chevrolet Malibu,200594,188519,194854,227881,185857,144542,131917,102651,39376,115467
Chevrolet,Chevrolet Corvette,17291,34839,33329,29995,25079,18791,17988,21626,33041,34510
Chevrolet,Chevrolet Avalanche,16526,92,0,0,0,0,0,0,0,0
Chevrolet,Chevrolet Colorado,3412,8003,84430,108725,112996,134842,122304,96238,73008,89197
Chevrolet,Chevrolet Silverado,480414,529755,600544,574876,585864,585581,570639,586675,519774,513354
Chevrolet,Chevrolet Trax (Tracker),0,739,63030,79016,79289,89916,116816,106299,42590,26597
Chevrolet,Chevrolet Bolt EUV,0,0,0,0,0,0,0,0,2755,27091
Chevrolet,Chevrolet Captiva,47600,35368,55,0,0,0,0,0,0,0
Chevrolet,Chevrolet Equinox,238192,242242,277589,242195,290458,332618,346048,270994,165323,212072
Chevrolet,Chevrolet HHR,3,0,0,0,0,0,0,0,0,0
Chevrolet,Chevrolet SUV0C Total,285795,277610,277644,242195,290458,332618,346048,305284,258239,300051
Chevrolet,Chevrolet Trailblazer,0,0,0,0,0,0,0,34290,90161,60888
Chevrolet,Chevrolet Blazer,0,0,0,0,0,0,58115,94601,70325,67246
Chevrolet,Chevrolet Traverse,96467,103943,119945,116701,123506,146534,147122,125546,116250,96965
Chevrolet,Chevrolet C/K Suburban,51260,55009,50866,60082,56516,60633,51928,37636,48214,50951
Chevrolet,Chevrolet Tahoe,83502,97726,88342,103306,98961,104153,101189,88238,106030,105756
Chevrolet,Chevrolet Express,79087,79352,63382,68007,69164,81239,77457,55131,44355,52888
Chevrolet,Chevrolet City Express,0,530,10283,7019,8348,3531,139,0,0,0
Chrysler,Chrysler 200 Series,122480,117363,177889,57294,18457,1043,48,9,15,2
Chrysler,Chrysler 300 series,57724,53382,53109,53241,51237,46593,29213,16653,16662,14087
Chrysler,Chrysler Pacifica,0,0,0,62366,118274,118322,97705,93802,98323,98624
Chrysler,Chrysler Town & Country,122288,138040,93848,59071,577,6,5,0,4,0
Chrysler,Chrysler N/A (Class 5),10901,14401,15812,15737,17203,15934,16467,15795,24930,20139
Dodge,Dodge Caliber,45,0,0,0,0,0,0,0,0,0
Dodge,Dodge Dart,83388,83858,87392,43402,10082,389,15,7,10,4
Dodge,Dodge Avenger,93842,51705,1268,45,14,4,1,0,0,2
Dodge,Dodge Challenger,51462,51611,66365,64433,64537,66716,60997,52955,54314,55060
Dodge,Dodge Charger,98336,94099,94725,95437,88351,80226,96935,77425,78389,80074
Dodge,Dodge Viper,591,760,676,630,585,19,5,4,4,1
Dodge,Dodge Caravan,124019,134152,97141,127678,125196,151927,122648,38767,3037,27
Dodge,Dodge Journey,83933,93572,105400,106759,89470,94096,74686,40342,14035,194
Dodge,Dodge Durango,60727,64398,64186,68474,68761,65947,67599,57828,65935,55433
Ferrari,Ferrari 296,0,0,0,0,0,0,0,0,0,41
Ferrari,Ferrari SF90 Spider,0,0,0,0,0,0,0,0,0,166
Ferrari,Ferrari SF90 Stradale,0,0,0,0,0,0,0,8,378,254
Ferrari,Ferrari Unclassified,0,0,2258,2398,2517,2488,2587,2020,0,0
Fiat,Fiat 500,35834,33708,25084,15437,12685,5370,3267,672,51,8
Fiat,Fiat 124 Spider,0,0,0,2475,4478,3515,2644,1729,952,24
Fiat,Fiat 500L,7402,12413,7863,3118,1664,1413,771,474,0,0
Fiat,Fiat 500X,0,0,9463,11712,7665,5223,2518,1428,1371,883
Ford,Ford Fiesta,71073,63192,64458,48807,46249,51730,60148,3354,0,0
Ford,Ford Focus,234570,219634,202478,168789,158385,113345,12480,0,0,0
Ford,Ford Crown Victoria,10897,10234,9765,9472,7994,N/A,N/A,N/A,N/A,0
Ford,Ford Fusion,295280,306860,300170,265840,209623,173600,166045,110665,11781,0
Ford,Ford Mustang,77186,82635,122349,105932,81866,75842,72489,61090,52414,47566
Ford,Ford Taurus,69063,52395,39051,34626,33242,36088,13351,0,0,0
Ford,Ford GT,0,0,0,0,89,126,229,175,143,99
Ford,Ford C0MAX,35210,27595,21768,19834,18390,6683,38,0,0,0
Ford,Ford F0Series,763402,753851,780354,820799,896764,909330,896526,787422,726004,653957
Ford,Ford Maverick,0,0,0,0,0,0,0,0,13258,74370
Ford,Ford Ranger,0,0,0,0,0,0,89571,101486,94755,57005
Ford,Ford EcoSport,0,0,0,0,0,54348,64708,60545,40659,29193
Ford,Ford Bronco Sport,0,0,0,0,0,0,0,5120,108169,99547
Ford,Ford Escape,295993,306212,306492,307069,308296,272228,241388,178496,145415,137370
Ford,Ford Bronco,0,0,0,0,0,0,0,0,35023,117057
Ford,Ford Edge,129109,108864,124120,134588,142603,134122,138515,108886,85225,85465
Ford,Ford Explorer,192397,209994,249251,248507,271131,261571,187061,226217,219871,207673
Ford,Ford Flex,25953,23822,19570,22668,22389,20308,24484,4848,0,0
Ford,Ford Mustang Mach0E,0,0,0,0,0,0,0,3,27140,39458
Ford,Ford Expedition,38350,44632,41443,59835,51883,54661,86422,77838,81988,62007
Ford,Ford E0Series,125356,103263,50788,54245,53304,47936,45063,37001,37122,32150
Ford,Ford Transit,0,20448,117577,143244,127360,137794,153868,131556,99745,99382
Ford,Ford Transit Connect,39703,43210,52221,43232,34473,31923,41598,34596,26112,25140
GMC,GMC Canyon,929,3070,30077,37449,32106,33492,32825,25190,24125,27819
GMC,GMC Sierra,184389,211833,224139,221680,217943,219554,232323,253016,248924,241522
GMC,GMC Hummer Pickup,0,0,0,0,0,0,0,0,1,854
GMC,GMC Pickup Truck Total,185318,214903,254216,259129,250049,253046,265148,278206,273050,270195
GMC,GMC Terrain,99525,105016,112030,87925,85441,114314,101470,86020,47488,86567
GMC,GMC Acadia,89793,83972,96393,88466,111276,88621,99429,72537,59913,53014
GMC,GMC Yukon,28302,41569,42732,53447,49183,46190,42510,40965,51365,48220
GMC,GMC Yukon XL,31258,29752,31334,37054,35059,34594,32163,22475,32877,34084
GMC,GMC Savana,16705,26641,21992,20607,29679,19684,24226,15108,17744,25569
Honda,Honda Fit (Jazz),53513,59340,52724,56630,49454,35300,35414,32488,8695,0
Honda,Honda Civic,336180,325981,335384,366927,377286,325760,325650,261225,263787,133932
Honda,Honda CR0Z,4550,3562,3073,2338,705,38,2,1,0,0
Honda,Honda Insight,4802,3965,1458,67,3,12510,23686,15932,19431,7628
Honda,Honda Accord,366678,388374,355557,345225,322655,291071,267567,199458,202676,154612
Honda,Honda Clarity,0,0,0,0,0,0,0,0,0,0
Honda,Honda Clarity Electric,0,0,0,0,1121,948,576,45,1,0
Honda,Honda Clarity Fuel Cell,0,0,0,8,432,624,320,230,282,205
Honda,Honda Clarity Plug In,0,0,0,0,903,18602,10758,3940,2314,3
Honda,Honda FCX Clarity,10,2,2,0,0,0,0,0,0,0
Honda,Honda S2000,2,0,0,0,0,0,0,0,0,0
Honda,Honda Odyssey,128987,122738,127736,120846,100307,106327,99113,83409,76125,47615
Honda,Honda Ridgeline,17723,13389,520,23667,34749,30592,33334,32168,41355,42762
Honda,Honda HR0V,0,0,41969,82041,94034,85494,99104,84027,137090,115416
Honda,Honda Crosstour,16847,11802,9104,726,5,0,0,0,0,0
Honda,Honda CR0V,303904,335019,345647,357335,377895,379013,384168,333502,361271,238155
Honda,Honda Honda Pilot,126678,108857,136212,120772,127279,159615,135008,123813,143062,99567
Honda,Honda Passport,0,0,0,0,0,0,36085,39567,53133,41306
Hyundai,Hyundai Accent (Verna),60458,63309,61486,79766,58955,29090,25628,15975,19614,17823
Hyundai,Hyundai Avante (Elantra),247912,222023,241706,208319,198210,200415,175094,105475,124422,117177
Hyundai,Hyundai Ioniq,0,0,0,0,11197,15076,19574,13570,19885,3672
Hyundai,Hyundai Veloster,30711,27598,24245,30053,12658,10871,12849,7591,2112,1920
Hyundai,Hyundai Azera,11221,7232,5539,4942,3060,628,0,0,0,0
Hyundai,Hyundai Sonata,203648,216936,213303,199416,131803,105118,87466,76997,93142,55131
Hyundai,Hyundai Hyundai Genesis,32330,29992,31374,23230,1152,1,0,0,0,0
Hyundai,Hyundai Equus,3578,3415,2332,1361,20,0,0,0,0,0
Hyundai,Hyundai Santa Cruz,0,0,0,0,0,0,0,0,10042,36480
Hyundai,Hyundai Kona,0,0,0,0,0,47090,73326,76253,90069,63994
Hyundai,Hyundai Nexo,0,0,0,0,0,8,267,208,430,408
Hyundai,Hyundai Tucson (ix35),41906,47306,63591,89713,114735,142299,137381,123657,150949,175307
Hyundai,Hyundai Venue,0,0,0,0,0,0,1077,19125,28653,27094
Hyundai,Hyundai IONIQ 5,0,0,0,0,0,0,0,0,153,22982
Hyundai,Hyundai Palisade,0,0,0,0,0,0,28736,81905,86539,82688
Hyundai,Hyundai Santa Fe,88844,107906,118134,131257,133171,117038,127373,101513,112071,119589
Hyundai,Hyundai Veracruz (ix55),175,1,0,0,0,0,0,0,0,0
Infiniti,Infiniti G,30256,0,0,0,0,0,0,0,0,0
Infiniti,Infiniti Q40,0,15590,8605,59,0,0,0,0,0,0
Infiniti,Infiniti Q50,17816,36899,43874,44007,40739,34763,25987,16533,13896,4781
Infiniti,Infiniti Q60 (G Coupe),9806,7740,3949,3970,10751,9017,5043,2792,2728,1847
Infiniti,Infiniti M,5283,0,0,0,0,0,0,0,0,0
Infiniti,Infiniti Q70 (M),0,5034,8449,5872,5772,4479,2552,139,0,1
Infiniti,Infiniti QX30,0,0,0,2259,14093,8101,3229,148,1,0
Infiniti,Infiniti QX50 (EX),2164,2727,5468,16973,16857,25389,18616,20885,19195,11105
Infiniti,Infiniti QX55,0,0,0,0,0,0,0,0,4332,5106
Infiniti,Infiniti QX60 (JX),31602,31192,41770,42120,40444,47370,43162,22880,5829,16573
Infiniti,Infiniti QX70 (FX),6380,5213,5737,6261,6878,954,6,0,0,0
Infiniti,Infiniti QX80 (QX56),13148,12935,15646,16772,17881,19207,19113,16125,12572,7206
Jaguar,Jaguar XE,0,0,0,6656,9278,4704,3551,1516,105,0
Jaguar,Jaguar F0Type,2250,4112,4629,4069,4108,2268,2279,1595,1753,1290
Jaguar,Jaguar XF,7922,5880,5933,6665,4541,2308,1187,606,898,827
Jaguar,Jaguar XJ Series,5434,4329,3611,3834,2721,1579,1167,908,15,0
Jaguar,Jaguar E0Pace,0,0,0,0,0,4479,4782,3412,2363,726
Jaguar,Jaguar F0Pace,0,0,0,10016,18946,14752,15491,8281,7664,6632
Jaguar,Jaguar I0Pace,0,0,0,0,0,393,2594,1658,1020,306
Jeep,Jeep Jeep Gladiator,0,0,0,0,0,0,40037,77542,89712,77855
Jeep,Jeep Renegade,0,0,60946,106606,103434,97062,76885,62847,47138,27551
Jeep,Jeep Cherokee,25786,178508,220260,199736,169882,239437,191397,135855,89126,40322
Jeep,Jeep Cherokee Liberty,6101,0,0,0,0,0,0,0,0,0
Jeep,Jeep Compass,52993,61264,66698,94061,83253,171167,143934,107969,75642,86175
Jeep,Jeep Patriot,75797,93462,118464,121926,40735,621,27,3,0,0
Jeep,Jeep Wrangler,155502,175328,202702,191774,190522,240032,228042,201311,0,0
Jeep,Jeep Grand Cherokee,174275,183786,195958,212273,240696,224908,242969,209786,254445,223344
Kia,Kia Rio,40742,35933,23742,28700,16760,22975,24961,23927,31362,26996
Kia,Kia Forte,66146,69336,78919,103292,117596,101890,95609,84997,115929,108424
Kia,Kia Soul,118079,145316,147133,145768,115712,104709,98033,71862,75126,57820
Kia,Kia K5,0,0,0,0,0,0,0,31656,92224,66297
Kia,Kia Optima,155893,159020,159414,124203,107493,101603,96623,48484,118,1
Kia,Kia Stinger,0,0,0,0,843,16806,13861,12556,13517,7809
Kia,Kia Cadenza,8626,9267,7343,4738,7249,4507,1630,1265,249,1
Kia,Kia K9 (K900/Quoris),0,1330,2524,834,455,354,390,305,85,0
Kia,Kia Sedona (Carnival),7079,14567,36755,44264,23815,17928,15931,13190,25155,19706
Kia,Kia NIRO,0,0,0,0,27237,28232,24467,17434,26192,28744
Kia,Kia SELTOS,0,0,0,0,0,0,0,46280,51368,45711
Kia,Kia Sportage,32965,42945,53739,81066,72824,82823,89278,84343,94601,125245
Kia,Kia EV6,0,0,0,0,0,0,0,0,0,20498
Kia,Kia Sorento (KX7),105649,102520,116249,114733,99684,107846,95951,74677,81785,86406
Kia,Kia Telluride,0,0,0,0,0,0,58604,75129,93705,99891
Lamborghini,Lamborghini Unclassified,0,0,1009,1041,1095,1595,2716,2263,2412,2567
Lexus,Lexus CT,15071,17673,14657,8903,4690,4,0,0,0,0
Lexus,Lexus IS,35017,51358,46430,37289,26482,22927,14920,13600,21998,21386
Lexus,Lexus RC,0,1922,14784,11165,7363,3358,4591,3808,2987,2648
Lexus,Lexus ES,72581,72508,64969,58299,51398,48484,51336,43292,45406,41735
Lexus,Lexus GS,19742,22198,23117,14878,7773,6604,3378,2560,76,2
Lexus,Lexus HS,5,0,0,0,0,0,0,0,0,0
Lexus,Lexus LC,0,0,0,0,2487,1979,1219,1325,2782,1387
Lexus,Lexus LFA,23,17,9,6,3,2,3,3,1,0
Lexus,Lexus LS,10727,8559,7165,5514,4094,9302,5528,3617,3739,2679
Lexus,Lexus UX,0,0,0,0,0,453,16725,16962,17581,10237
Lexus,Lexus NX,0,2927,43764,54884,59341,62079,58715,55784,58514,49002
Lexus,Lexus GX,12136,22685,25212,25148,27190,26724,25945,28519,32509,29945
Lexus,Lexus LX,4625,4052,3884,5707,6004,4753,4718,4512,3563,3642
Lexus,Lexus RX,103920,107490,100610,109435,108307,111641,111036,101059,115320,96041
Lincoln,Lincoln MKS,10793,8160,6877,4951,153,0,0,0,0,0
Lincoln,Lincoln MKZ,32361,34009,30901,30534,27387,19852,17725,12518,1681,0
Lincoln,Lincoln Continental,0,0,0,5261,12012,8758,6586,5262,1460,0
Lincoln,Lincoln MKC/Corsair,0,13077,24590,25562,27048,26241,25815,26227,22790,27668
Lincoln,Lincoln MKT,6014,4800,4696,4028,3005,2324,3388,329,0,0
Lincoln,Lincoln MKX,23913,23995,22199,30967,31031,25966,6059,0,0,0
Lincoln,Lincoln Nautilus,0,0,0,0,0,2607,25652,22742,24443,20635
Lincoln,Lincoln Aviator,0,0,0,0,0,0,8323,23080,20924,21977
Lincoln,Lincoln Navigator,8613,10433,11964,10421,10523,17839,18656,15252,15631,13206
Lucid Motors,Lucid Air,0,0,0,0,0,0,0,0,577,2656
Maserati,Maserati Unclassified,0,0,11700,12534,13711,11402,8150,5214,7682,6730
Maserati,Maserati Grecale,0,0,0,0,0,0,0,0,0,89
Mazda,Mazda Demio (Mazda 2),11757,13615,297,3,0,0,0,0,0,0
Mazda,Mazda Axela (Mazda 3),104713,104985,107885,95567,75018,64638,50741,33608,37653,27767
Mazda,Mazda MX05 (Miata),5780,4745,8591,9465,11294,8971,7753,8807,10547,6172
Mazda,Mazda Atenza (Mazda 6),43638,53224,57897,45520,33402,30938,21524,16204,16214,335
Mazda,Mazda RX08,1,1,0,0,0,0,0,0,0,0
Mazda,Mazda Premacy (Mazda 5),13884,11613,8609,375,10,0,0,0,0,0
Mazda,Mazda CX03,0,0,6406,18557,16355,16899,16229,8335,5100,0
Mazda,Mazda CX030,0,0,0,0,0,0,899,38064,60185,52808
Mazda,Mazda CX05,79544,99122,111450,112235,127563,150622,154545,146420,168448,151594
Mazda,Mazda MX030,0,0,0,0,0,0,0,0,116,324
Mazda,Mazda Tribute,2,0,0,0,0,0,0,0,0,0
Mazda,Mazda CX050,0,0,0,0,0,0,0,0,0,21329
Mazda,Mazda CX07,0,0,0,0,0,0,0,0,0,0
Mazda,Mazda CX09,24628,18496,18048,16051,25828,28257,26861,27638,34493,34580
Mercedes0Benz,Mercedes0Benz A0Class,0,0,0,0,0,0,17641,15331,8092,5832
Mercedes0Benz,Mercedes0Benz CLA0Class,14113,27365,29643,25792,20669,22556,12400,10997,6849,14598
Mercedes0Benz,Mercedes0Benz C0Class,88251,75065,86080,77167,77447,60409,49153,26294,30648,26192
Mercedes0Benz,Mercedes0Benz SLC0Class (SLK0Class),0,0,0,3397,2860,1993,1840,2122,228,0
Mercedes0Benz,Mercedes0Benz SLK0Class,4757,4737,4182,0,0,0,0,0,0,0
Mercedes0Benz,Mercedes0Benz CLK0Class,0,3,0,0,0,0,0,0,0,0
Mercedes0Benz,Mercedes0Benz CLS0Class,8032,6981,6152,4156,1839,899,2385,2980,2322,941
Mercedes0Benz,Mercedes0Benz E0Class,69803,66400,49736,46740,49473,45525,37728,24122,18594,17877
Mercedes0Benz,Mercedes0Benz AMG0GT,0,0,1277,1227,1608,1525,4208,3489,3129,2970
Mercedes0Benz,Mercedes0Benz CL0Class,476,221,54,0,0,0,0,0,0,0
Mercedes0Benz,Mercedes0Benz EQE,0,0,0,0,0,0,0,0,0,384
Mercedes0Benz,Mercedes0Benz EQS,0,0,0,0,0,0,0,0,443,9483
Mercedes0Benz,Mercedes0Benz S0Class,13303,25276,21934,18803,15888,14978,12528,8589,14161,15925
Mercedes0Benz,Mercedes0Benz SL0Class,7007,5030,4060,3722,2940,2126,1690,1782,460,2027
Mercedes0Benz,Mercedes0Benz SLS0Class,451,232,29,1,0,0,0,2,0,0
Mercedes0Benz,Mercedes0Benz B0Class,20,776,1906,632,744,135,8,1,1,0
Mercedes0Benz,Mercedes0Benz R0Class,30,8,4,0,0,0,0,0,0,0
Mercedes0Benz,Mercedes0Benz GLA0Class,0,6884,25593,24545,24104,24136,22137,25345,14194,14085
Mercedes0Benz,Mercedes0Benz GLB,0,0,0,0,0,0,1173,23183,26968,23274
Mercedes0Benz,Mercedes0Benz GLC0Class (GLK0Class),0,0,4569,47872,48643,69727,73650,52627,52106,65531
Mercedes0Benz,Mercedes0Benz GLK0Class,32553,35000,23333,0,0,0,0,0,0,0
Mercedes0Benz,Mercedes0Benz EQS SUV,0,0,0,0,0,0,0,0,0,884
Mercedes0Benz,Mercedes0Benz G0Class,2494,3090,3616,3950,4188,3970,7348,7723,8480,7018
Mercedes0Benz,Mercedes0Benz GL0Class,29912,26597,27707,0,0,0,0,0,0,0
Mercedes0Benz,Mercedes0Benz GLE0Class (M0Class/ML0Class),0,0,20663,51790,54595,46010,49980,48157,65198,63050
Mercedes0Benz,Mercedes0Benz GLS0Class (GL0Class),0,0,0,30442,32248,21972,22225,22172,24606,20853
Mercedes0Benz,Mercedes0Benz M0Class,41315,46706,32540,0,0,0,0,0,0,0
Mercedes0Benz,Mercedes0Benz ML0Class,11,20,10,1,0,0,0,0,0,0
Mercedes0Benz,Mercedes0Benz Sprinter,21816,25745,0,0,0,0,0,0,0,0
Mercedes0Benz,Mercedes0Benz Unclassified Van,0,0,29889,34304,34994,38178,41635,50999,55692,64185
Mercedes0Benz,Mercedes0Benz EQB,0,0,0,0,0,0,0,0,0,1672
MINI,MINI Cooper,26954,22843,34967,22438,18981,16400,14527,12455,13391,14374
MINI,MINI Clubman,5155,2613,492,12204,7739,4385,3565,2513,2719,2581
MINI,MINI Convertible,4460,3536,3098,4584,5512,5334,4031,3883,3380,3060
MINI,MINI Coupe,2540,956,460,8,0,0,0,0,0,0
MINI,MINI Roadster,2806,1437,1103,5,0,0,0,0,0,0
MINI,MINI Countryman,21325,22645,16686,12706,14864,17565,13969,9287,10440,9489
MINI,MINI Paceman,3262,2082,1708,85,9,0,0,0,0,0
Mitsubishi,Mitsubishi i0MiEV,1029,196,115,94,6,0,0,0,0,0
Mitsubishi,Mitsubishi Mirage,2935,16708,21515,22226,22386,24316,26966,19136,22741,15816
Mitsubishi,Mitsubishi Lancer,19451,16495,17691,14304,12725,3302,0,0,0,0
Mitsubishi,Mitsubishi Eclipse,40,0,0,0,0,0,0,0,0,0
Mitsubishi,Mitsubishi Eclipse Spyder,69,0,0,0,0,0,0,0,0,0
Mitsubishi,Mitsubishi Galant,1441,122,0,0,0,0,0,0,0,0
Mitsubishi,Mitsubishi Eclipse Cross,0,0,0,0,0,9485,19661,10319,8947,10718
Mitsubishi,Mitsubishi RVR (ASX/Outlander Sport),24951,31054,36966,33067,33160,39153,33644,28836,34216,16373
Mitsubishi,Mitsubishi Outlander,12287,13068,19055,26576,35409,41818,40775,29096,36133,42903
Mitsubishi,Mitsubishi Endeavor,24,0,0,0,0,0,0,0,0,0
Nissan,Nissan Cube,5461,3785,943,15,0,0,0,0,0,0
Nissan,Nissan Leaf,22610,30200,17269,14006,11230,14715,12365,9564,14239,12025
Nissan,Nissan Versa,117352,139781,144528,132214,106772,75809,66596,48273,60913,13396
Nissan,Nissan Sentra,129143,183268,203509,214709,218451,213046,184618,94646,127861,77123
Nissan,Nissan 370Z,6561,7199,7391,5913,4614,3468,2384,1954,36,0
Nissan,Nissan Altima,320723,335644,333398,307380,254996,209146,209183,137988,103777,139955
Nissan,Nissan Nissan Z,0,0,0,0,0,0,0,0,0,263
Nissan,Nissan GT0R,1236,1436,1105,698,578,538,331,304,227,57
Nissan,Nissan Maxima,53896,50401,40359,62670,67627,42337,35076,18062,16386,7110
Nissan,Nissan Quest,12874,9833,11018,11115,4950,3,0,0,0,0
Nissan,Nissan Frontier (Navara),62837,74323,62817,86926,74360,79646,72369,36845,60693,76183
Nissan,Nissan Titan,15691,12527,12140,21880,52924,50459,31514,26439,27406,15063
Nissan,Nissan Juke,38157,38184,27121,19577,10157,731,11,0,0,0
Nissan,Nissan Ariya,0,0,0,0,0,0,0,0,0,201
Nissan,Nissan Kicks,0,0,0,0,0,23312,58193,58858,82960,54879
Nissan,Nissan Rogue,162751,199199,287190,329904,403465,412110,350447,227935,285602,186480
Nissan,Nissan Armada,14383,12593,12737,14035,35667,32650,32044,19640,22814,11923
Nissan,Nissan Murano,44684,47301,62907,86953,76732,83547,68361,58255,46117,30074
Nissan,Nissan Pathfinder,88632,79111,82041,81701,81065,67550,65691,48579,41324,57862
Nissan,Nissan Xterra,17766,16505,10672,38,1,0,0,0,0,0
Nissan,Nissan NV,12589,14890,16958,17873,17858,16902,20022,15247,11372,3
Nissan,Nissan NV200,4619,13385,17317,18523,18602,18628,18768,17126,17359,134
Polestar,Polestar 1,0,0,0,0,0,0,0,0,16,149
Polestar,Polestar 2,0,0,0,0,0,0,0,0,2402,9322
Porsche,Porsche Boxster/Cayman,7953,7292,6663,6260,5087,5276,3880,3447,4292,3484
Porsche,Porsche Taycan,0,0,0,0,0,0,0,4414,9419,7271
Porsche,Porsche Panamera,5421,5740,4986,4403,6731,8042,6625,3870,4257,4224
Porsche,Porsche Porsche 911,10442,10433,9898,8901,8970,9647,9265,8840,10042,10204
Porsche,Porsche Porsche 918,0,96,203,0,0,0,0,0,0,0
Porsche,Porsche Macan,0,7241,13533,19332,21429,23504,22667,18631,24716,23688
Porsche,Porsche Cayenne,18507,16205,16473,15383,13203,10733,19131,18092,17299,21194
Ram,Ram P/U,355673,439789,451116,489418,500723,536980,633694,563676,569388,468344
Ram,Ram ProMaster,3270,18039,28345,40440,40483,46600,56409,50556,63361,60936
Ram,Ram ProMaster City,0,0,11124,15972,15584,13788,12920,10409,14579,15914
Ram,Ram Ram Cargo Van,8900,11311,3222,21,0,0,0,1,3,0
Rivian,Rivian R1T,0,0,0,0,0,0,0,0,576,17426
Rivian,Rivian R1S,0,0,0,0,0,0,0,0,8,676
Rivian,Rivian EDV,0,0,0,0,0,0,0,0,0,2230
Scion,Scion iQ,4046,2040,482,6,0,0,0,0,0,0
Scion,Scion iA,0,0,7605,0,0,0,0,0,0,0
Scion,Scion xD,9005,7377,794,9,2,0,0,0,0,0
Scion,Scion FR0S,18327,14062,10507,0,0,0,0,0,0,0
Scion,Scion iM,0,0,5097,0,0,0,0,0,0,0
Scion,Scion tC,19094,17947,16459,9336,203,2,0,0,0,0
Scion,Scion xB,17849,16583,15223,2677,0,3,1,0,0,0
smart,smart fortwo,923,2594,1387,657,544,1118,583,0,0,0
smart,smart Unclassified,8341,7859,6097,5554,2527,158,97,0,0,0
Subaru,Subaru BRZ,8587,7504,5296,4141,4131,3834,2334,2267,2320,3345
Subaru,Subaru Impreza,58856,57996,66785,55238,86043,76400,66415,43628,34791,30846
Subaru,Subaru WRX,17969,25492,33734,33279,31358,28730,21838,21178,27141,18662
Subaru,Subaru Legacy,42291,52270,60447,65306,49837,40109,35063,27240,22766,22605
Subaru,Subaru Forester,123592,159953,175192,178593,177563,171613,180179,176996,154723,114096
Subaru,Subaru XV,53741,70956,88927,95677,110138,144384,131152,119716,127466,155142
Subaru,Subaru Ascent,0,0,0,0,0,36211,81958,67623,59980,63704
Subaru,Subaru Outback,118049,138790,152294,182898,188886,178854,181178,153294,154623,147262
Subaru,Subaru Solterra,0,0,0,0,0,0,0,0,0,919
Subaru,Subaru Tribeca,1598,732,0,0,0,0,0,0,0,0
Suzuki,Suzuki Aerio (Liana)/SX4,2859,0,0,0,0,0,0,0,0,0
Suzuki,Suzuki Kizashi,1602,0,0,0,0,0,0,0,0,0
Suzuki,Suzuki Equator,448,0,0,0,0,0,0,0,0,0
Suzuki,Suzuki Escudo (Grand Vitara),1037,0,0,0,0,0,0,0,0,0
Tesla,Tesla Model 3,0,0,0,0,1770,138867,146450,118600,123598,215500
Tesla,Tesla Model S,18650,16550,26400,29156,26500,25200,14000,10500,15026,35000
Tesla,Tesla Model Y,0,0,0,0,0,0,0,68900,189797,247344
Tesla,Tesla Model X,0,0,208,18028,21700,23900,18500,7600,19673,24600
Toyota,Toyota Aqua (Prius C),41979,40570,38484,20452,12415,8399,1276,13,0,0
Toyota,Toyota Vitz (Yaris),21342,13274,16779,10872,8653,2094,2186,3983,109,0
Toyota,Toyota Yaris iA,0,0,0,27983,35727,25116,19730,2454,96,0
Toyota,Toyota 86,0,0,0,7457,6846,4146,3398,2476,1152,11996
Toyota,Toyota Corolla,302180,339498,363332,360483,308695,280886,280808,217712,229785,199959
Toyota,Toyota Corolla iM,0,0,0,17727,20501,22846,24042,19466,19208,22257
Toyota,Toyota Prius,157260,136040,118020,101340,86567,77129,68433,43512,59010,36919
Toyota,Toyota Avalon,70990,67183,60063,48080,32583,33581,27767,18421,19460,12215
Toyota,Toyota Camry,408484,428606,429355,388618,387081,343439,336978,294348,313795,295201
Toyota,Toyota MIRAI,0,0,72,1034,1838,1700,1502,499,2629,2094
Toyota,Toyota Supra,0,0,0,0,0,0,2884,5887,6830,4952
Toyota,Toyota Prius v,34989,30762,28290,14840,9680,2062,9,0,0,0
Toyota,Toyota Sienna,121117,124502,137497,127791,111489,87672,73585,42885,107990,69751
Toyota,Toyota Tacoma,159485,155041,179562,191631,198124,245659,248801,238806,252520,237323
Toyota,Toyota Tundra,112732,118493,118880,115489,116285,118258,111673,109203,81959,104246
Toyota,Toyota C0HR,0,0,0,0,25755,49642,48930,42936,35707,12141
Toyota,Toyota Corolla Cross,0,0,0,0,0,0,0,0,7203,56666
Toyota,Toyota FJ Cruiser,13131,14718,229,9,4,3,1,0,1,0
Toyota,Toyota 4Runner,51625,76906,97034,111970,128296,139694,131888,129052,144696,121023
Toyota,Toyota bZ4X,0,0,0,0,0,0,0,0,0,1220
Toyota,Toyota Highlander,127572,146127,158915,191379,215775,244511,239438,212276,264128,222805
Toyota,Toyota RAV4,218249,267698,315412,352154,407594,427170,448071,430387,407739,399941
Toyota,Toyota Venza,35846,29991,21351,589,14,9,9,13073,61988,33683
Toyota,Toyota Land Cruiser,3082,3158,2687,3705,3100,3222,3536,3147,3711,48
Toyota,Toyota Sequoia,13811,11806,12583,12771,12156,11121,10289,7364,8070,5313
Volvo,Volvo C30,1361,66,0,0,0,0,0,0,0,0
Volvo,Volvo C70,3234,779,7,0,0,0,0,0,0,0
Volvo,Volvo S60,23210,20457,16993,14789,12454,7583,17526,11946,10550,6151
Volvo,Volvo V60,0,4990,7131,6132,4369,4293,2664,4882,3055,1385
Volvo,Volvo S80,1935,1753,1887,644,6,0,0,0,0,0
Volvo,Volvo S90,0,0,0,2756,8640,6967,2545,1896,608,1281
Volvo,Volvo V90,0,0,0,0,2449,2695,1507,1298,877,601
Volvo,Volvo XC70,4882,5093,5118,5425,74,0,0,0,0,0
Volvo,Volvo C40 Recharge,0,0,0,0,0,0,0,0,42,3780
Volvo,Volvo XC40,0,0,0,0,0,12427,17654,23778,26802,18558
Volvo,Volvo XC60,19766,19276,26134,20452,22516,32689,30578,32078,41582,36181
Volvo,Volvo XC90,6845,3952,12777,32526,30996,31609,35760,34251,38657,34101
VW,VW Beetle,43134,29182,22667,15667,15166,14411,17215,2481,12,6
VW,VW Eos,4178,3411,2993,387,1,N/A,0,0,0,0
VW,VW Golf,16023,16298,23489,17701,17086,7996,10507,25858,9253,8425
VW,VW Golf GTI,13310,17362,23669,23934,22486,16684,11672,0,0,0
VW,VW Golf R,1598,15,4141,4493,2706,3468,4223,0,0,0
VW,VW Golf SportWagen,0,0,14009,15559,26700,14123,10991,0,0,0
VW,VW Jetta,163793,160873,131109,121107,115807,90805,100453,82663,61967,38260
VW,VW Arteon,0,0,0,0,0,0,2449,3602,5537,1742
VW,VW Passat (Santana),109652,96649,78207,73002,60722,41401,14123,22964,24396,2419
VW,VW Passat CC,15672,9995,6276,3237,1355,455,58,96,2,1
VW,VW Routan,2109,1103,0,0,0,0,0,0,0,0
VW,VW ID.4,0,0,0,0,0,0,0,0,16742,20511
VW,VW Taos,0,0,0,0,0,0,0,0,31682,59103
VW,VW Tiguan,30002,25121,35843,43638,46983,103022,109963,100705,109747,88577
VW,VW Atlas,0,0,0,0,27119,59677,81508,87361,115687,82025
VW,VW Touareg,8233,6961,7037,4223,3545,2022,160,54,6,0
