maker,model,2013,2014,2015,2016,2017,2018,2019,2020,2021,2022
Acura,Acura ILX,20430,17854,18531,14597,11757,11273.0,14685.0,13414.0,13900.0,6296
Acura,Acura Integra,0,0,0,0,0,0.0,0.0,0.0,0.0,13027
Acura,Acura TL,24318,10616,88,0,0,0.0,0.0,0.0,0.0,0
Acura,Acura TLX,0,19127,47080,37156,34846,30468.0,26548.0,21785.0,26100.0,11508
Acura,Acura TSX,17484,6287,35,4,0,0.0,0.0,0.0,0.0,0
Acura,Acura RL,0,0,0,0,0,0.0,0.0,0.0,0.0,0
Acura,Acura RLX,0,3413,2195,1478,1237,1931.0,1019.0,1055.0,214.0,3
Acura,Acura RLX/RL,5053,0,0,0,0,0.0,0.0,0.0,0.0,0
Acura,Acura NSX,0,0,0,269,581,170.0,238.0,128.0,124.0,298
Acura,Acura RDX,44750,44865,51026,52361,51295,63580.0,62876.0,52785.0,57013.0,24749
Acura,Acura MDX,53040,65603,58208,55495,54886,51512.0,52019.0,47816.0,60057.0,46425
Acura,Acura ZDX,361,78,2,0,0,0.0,0.0,0.0,0.0,0
Alfa Romeo,Alfa Romeo 4C,0,91,663,480,407,238.0,144.0,99.0,77.0,1
Alfa Romeo,Alfa Romeo GIULIA,0,0,0,36,8903,11519.0,8704.0,8216.0,7634.0,5092
Alfa Romeo,Alfa Romeo Stelvio,0,0,0,0,2721,12043.0,9444.0,10271.0,10539.0,7752
Aston Martin,Aston Martin Unclassified,0,0,1020,1032,684,984.0,1164.0,1632.0,1350.0,1845
Audi,Audi A3,857,22250,35984,31538,23610,18305.0,10418.0,9937.0,2390.0,9788
Audi,Audi A4,36744,33993,29013,34687,34434,34566.0,26435.0,18341.0,16263.0,15239
Audi,Audi A4 Allroad quattro,5386,4686,2818,2300,3240,0.0,0.0,0.0,0.0,0
Audi,Audi A5,18664,16620,12934,8354,21301,25972.0,23023.0,18828.0,17408.0,18349
Audi,Audi TT,2053,1158,1167,3044,2294,1289.0,1324.0,830.0,986.0,516
Audi,Audi A6,22428,23941,22850,18686,16304,10561.0,17807.0,10535.0,9544.0,6003
Audi,Audi A7,8483,8133,7721,6558,4810,3852.0,4955.0,2859.0,3081.0,2237
Audi,Audi e0tron GT,0,0,0,0,0,0.0,0.0,0.0,1226.0,2275
Audi,Audi A8,6300,5904,4990,4149,3127,1599.0,2963.0,2376.0,2069.0,1594
Audi,Audi R8,813,735,495,736,772,927.0,574.0,581.0,649.0,314
Audi,Audi Q3,0,3654,13229,20048,20633,16828.0,14822.0,27251.0,34462.0,25066
Audi,Audi Q4 e0tron,0,0,0,0,0,0.0,0.0,0.0,64.0,3505
Audi,Audi Q5,40355,42420,52006,49550,57640,69978.0,67516.0,50435.0,60301.0,62912
Audi,Audi e0tron,0,0,0,0,0,0.0,5369.0,7202.0,9695.0,10397
Audi,Audi Q8,0,0,0,0,0,2029.0,14256.0,12074.0,12538.0,9372
Bentley,Bentley Unclassified,0,0,2686,2581,2405,2395.0,1882.0,1553.0,3350.0,3837
BMW,BMW i3,0,6092,11024,7625,6276,6117.0,4854.0,1703.0,1476.0,9
BMW,BMW 1 Series,7220,0,0,0,0,0.0,0.0,0.0,0.0,0
BMW,BMW 1/2 Series,0,7345,13020,0,0,0.0,0.0,0.0,0.0,0
BMW,BMW 2 Series,0,0,0,15519,11737,9208.0,8015.0,14618.0,15683.0,11548
BMW,BMW 3 Series,0,0,94527,70458,59449,44578.0,47827.0,41249.0,49461.0,30400
BMW,BMW 3/4 Series,119521,142232,0,0,0,0.0,0.0,0.0,0.0,0
BMW,BMW 4 Series,0,0,46082,35763,39634,31379.0,18621.0,9495.0,22937.0,28491
BMW,BMW Z4,2480,2151,1829,1187,502,4.0,2941.0,2371.0,2367.0,1567
BMW,BMW 6 Series,9762,8647,8146,3947,3355,3762.0,1139.0,199.0,55.0,0
BMW,BMW 5 Series,56863,52704,44162,32408,40658,43937.0,38709.0,26785.0,24523.0,20859
BMW,BMW i4,0,0,0,0,0,0.0,0.0,0.0,0.0,8463
BMW,BMW 7 Series,10932,9744,9292,12918,9276,8271.0,8823.0,6443.0,7706.0,5692
BMW,BMW 8 Series,0,0,0,0,0,223.0,4410.0,7737.0,7760.0,7311
BMW,BMW i7,0,0,0,0,0,0.0,0.0,0.0,0.0,284
BMW,BMW i8,0,555,2265,1594,488,772.0,1102.0,188.0,18.0,5
BMW,BMW X1,26512,22808,14420,27812,30826,29060.0,17815.0,14405.0,18253.0,7103
BMW,BMW X2,0,0,0,0,0,16154.0,11293.0,7387.0,6565.0,2641
BMW,BMW iX,0,0,0,0,0,0.0,0.0,0.0,0.0,5665
BMW,BMW X3,30623,33824,31924,44196,40691,61351.0,70110.0,59941.0,75858.0,65799
BMW,BMW X4,0,2709,6429,4989,5198,4323.0,8758.0,7677.0,10620.0,9797
BMW,BMW X7,0,0,0,0,0,0.0,21574.0,20579.0,23046.0,30706
BMW,BMW X5,39818,47031,54997,47641,50815,45013.0,54595.0,50642.0,60725.0,82372
BMW,BMW X6,5549,3896,7906,7117,6780,6862.0,4240.0,7313.0,9591.0,13676
Buick,Buick Cascada,0,0,0,7153,5595,4136.0,2535.0,12.0,7.0,0
Buick,Buick Verano,45527,43743,31886,30277,4277,210.0,3.0,0.0,0.0,0
Buick,Buick LaCrosse,48798,51468,42035,27582,20161,15527.0,7241.0,230.0,18.0,0
Buick,Buick Regal,18685,22560,19504,19833,11559,14118.0,10363.0,2484.0,43.0,49
Buick,Buick Lucerne,9,0,0,0,0,0.0,0.0,0.0,0.0,0
Buick,Buick Encore,31956,48892,67549,78565,88035,93073.0,102402.0,41752.0,20072.0,13718
Buick,Buick Encore GX,0,0,0,0,0,0.0,0.0,44841.0,71247.0,33348
Buick,Buick Envision,0,0,0,14193,41040,30152.0,33229.0,34942.0,46450.0,25871
Buick,Buick Enclave,60534,62300,62081,52028,48564,49647.0,51156.0,38480.0,41962.0,30533
Cadillac,Cadillac ATS,38319,29890,26873,21505,13100,10859.0,1134.0,116.0,17.0,0
Cadillac,Cadillac ELR,6,1310,1024,534,17,2.0,0.0,0.0,0.0,0
Cadillac,Cadillac CT4,0,0,0,0,0,0.0,0.0,4889.0,7253.0,9271
Cadillac,Cadillac CT5,0,0,0,0,0,0.0,43.0,14711.0,9446.0,15896
Cadillac,Cadillac CT6,0,0,0,9169,10542,9668.0,7951.0,3117.0,174.0,23
Cadillac,Cadillac CTS,32343,31115,19485,15911,10344,11219.0,6965.0,611.0,162.0,0
Cadillac,Cadillac DTS,19,0,0,0,0,0.0,0.0,0.0,0.0,0
Cadillac,Cadillac STS,7,0,0,0,0,0.0,0.0,0.0,0.0,0
Cadillac,Cadillac XTS,32559,24335,23112,22171,16275,17727.0,11304.0,1199.0,132.0,0
Cadillac,Cadillac XT4,0,0,0,0,0,7785.0,31987.0,22473.0,11579.0,21774
Cadillac,Cadillac Lyriq,0,0,0,0,0,0.0,0.0,0.0,0.0,122
Cadillac,Cadillac SRX,56776,53578,68850,22139,156,5.0,0.0,0.0,0.0,0
Cadillac,Cadillac XT5,0,0,0,39485,68312,60565.0,49879.0,35223.0,28380.0,27340
Cadillac,Cadillac XT6,0,0,0,0,0,0.0,11559.0,22609.0,20662.0,20053
Cadillac,Cadillac Escalade,22514,30522,35921,39092,37694,36872.0,35424.0,24547.0,40505.0,40247
Chevrolet,Chevrolet Spark,34130,39159,32853,35511,22589,23602.0,31281.0,33478.0,24459.0,13710
Chevrolet,Chevrolet Aveo,2,0,0,0,0,0.0,0.0,0.0,0.0,0
Chevrolet,Chevrolet Bolt,0,0,0,579,23297,18019.0,16418.0,20754.0,22073.0,11029
Chevrolet,Chevrolet Sonic,85646,93518,64775,55255,30290,20613.0,13971.0,13007.0,1581.0,6
Chevrolet,Chevrolet Cruze,248224,273060,226602,188876,184751,142617.0,47975.0,784.0,57.0,0
Chevrolet,Chevrolet Volt,23094,18805,15393,24739,20349,18306.0,4910.0,71.0,16.0,0
Chevrolet,Chevrolet Camaro,80567,86297,77502,72705,67940,50963.0,48265.0,29775.0,21893.0,24652
Chevrolet,Chevrolet Caprice,3899,3727,1845,1021,693,75.0,7.0,0.0,0.0,0
Chevrolet,Chevrolet SS,418,2479,2895,3013,4055,55.0,2.0,0.0,0.0,0
Chevrolet,Chevrolet Impala,156797,140280,116825,97006,75877,56556.0,44978.0,9942.0,750.0,10
Chevrolet,Chevrolet Malibu,200594,188519,194854,227881,185857,144542.0,131917.0,102651.0,39376.0,115467
Chevrolet,Chevrolet Corvette,17291,34839,33329,29995,25079,18791.0,17988.0,21626.0,33041.0,34510
Chevrolet,Chevrolet Avalanche,16526,92,0,0,0,0.0,0.0,0.0,0.0,0
Chevrolet,Chevrolet Colorado,3412,8003,84430,108725,112996,134842.0,122304.0,96238.0,73008.0,89197
Chevrolet,Chevrolet Silverado,480414,529755,600544,574876,585864,585581.0,570639.0,586675.0,519774.0,513354
Chevrolet,Chevrolet Trax (Tracker),0,739,63030,79016,79289,89916.0,116816.0,106299.0,42590.0,26597
Chevrolet,Chevrolet Bolt EUV,0,0,0,0,0,0.0,0.0,0.0,2755.0,27091
Chevrolet,Chevrolet Captiva,47600,35368,55,0,0,0.0,0.0,0.0,0.0,0
Chevrolet,Chevrolet Equinox,238192,242242,277589,242195,290458,332618.0,346048.0,270994.0,165323.0,212072
Chevrolet,Chevrolet HHR,3,0,0,0,0,0.0,0.0,0.0,0.0,0
Chevrolet,Chevrolet SUV0C Total,285795,277610,277644,242195,290458,332618.0,346048.0,305284.0,258239.0,300051
Chevrolet,Chevrolet Trailblazer,0,0,0,0,0,0.0,0.0,34290.0,90161.0,60888
Chevrolet,Chevrolet Blazer,0,0,0,0,0,0.0,58115.0,94601.0,70325.0,67246
Chevrolet,Chevrolet Traverse,96467,103943,119945,116701,123506,146534.0,147122.0,125546.0,116250.0,96965
Chevrolet,Chevrolet C/K Suburban,51260,55009,50866,60082,56516,60633.0,51928.0,37636.0,48214.0,50951
Chevrolet,Chevrolet Tahoe,83502,97726,88342,103306,98961,104153.0,101189.0,88238.0,106030.0,105756
Chevrolet,Chevrolet Express,79087,79352,63382,68007,69164,81239.0,77457.0,55131.0,44355.0,52888
Chevrolet,Chevrolet City Express,0,530,10283,7019,8348,3531.0,139.0,0.0,0.0,0
Chrysler,Chrysler 200 Series,122480,117363,177889,57294,18457,1043.0,48.0,9.0,15.0,2
Chrysler,Chrysler 300 series,57724,53382,53109,53241,51237,46593.0,29213.0,16653.0,16662.0,14087
Chrysler,Chrysler Pacifica,0,0,0,62366,118274,118322.0,97705.0,93802.0,98323.0,98624
Chrysler,Chrysler Town & Country,122288,138040,93848,59071,577,6.0,5.0,0.0,4.0,0
Chrysler,Chrysler N/A (Class 5),10901,14401,15812,15737,17203,15934.0,16467.0,15795.0,24930.0,20139
Dodge,Dodge Caliber,45,0,0,0,0,0.0,0.0,0.0,0.0,0
Dodge,Dodge Dart,83388,83858,87392,43402,10082,389.0,15.0,7.0,10.0,4
Dodge,Dodge Avenger,93842,51705,1268,45,14,4.0,1.0,0.0,0.0,2
Dodge,Dodge Challenger,51462,51611,66365,64433,64537,66716.0,60997.0,52955.0,54314.0,55060
Dodge,Dodge Charger,98336,94099,94725,95437,88351,80226.0,96935.0,77425.0,78389.0,80074
Dodge,Dodge Viper,591,760,676,630,585,19.0,5.0,4.0,4.0,1
Dodge,Dodge Caravan,124019,134152,97141,127678,125196,151927.0,122648.0,38767.0,3037.0,27
Dodge,Dodge Journey,83933,93572,105400,106759,89470,94096.0,74686.0,40342.0,14035.0,194
Dodge,Dodge Durango,60727,64398,64186,68474,68761,65947.0,67599.0,57828.0,65935.0,55433
Ferrari,Ferrari 296,0,0,0,0,0,0.0,0.0,0.0,0.0,41
Ferrari,Ferrari SF90 Spider,0,0,0,0,0,0.0,0.0,0.0,0.0,166
Ferrari,Ferrari SF90 Stradale,0,0,0,0,0,0.0,0.0,8.0,378.0,254
Ferrari,Ferrari Unclassified,0,0,2258,2398,2517,2488.0,2587.0,2020.0,0.0,0
Fiat,Fiat 500,35834,33708,25084,15437,12685,5370.0,3267.0,672.0,51.0,8
Fiat,Fiat 124 Spider,0,0,0,2475,4478,3515.0,2644.0,1729.0,952.0,24
Fiat,Fiat 500L,7402,12413,7863,3118,1664,1413.0,771.0,474.0,0.0,0
Fiat,Fiat 500X,0,0,9463,11712,7665,5223.0,2518.0,1428.0,1371.0,883
Ford,Ford Fiesta,71073,63192,64458,48807,46249,51730.0,60148.0,3354.0,0.0,0
Ford,Ford Focus,234570,219634,202478,168789,158385,113345.0,12480.0,0.0,0.0,0
Ford,Ford Crown Victoria,10897,10234,9765,9472,7994,0.0,0.0,0.0,0.0,0
Ford,Ford Fusion,295280,306860,300170,265840,209623,173600.0,166045.0,110665.0,11781.0,0
Ford,Ford Mustang,77186,82635,122349,105932,81866,75842.0,72489.0,61090.0,52414.0,47566
Ford,Ford Taurus,69063,52395,39051,34626,33242,36088.0,13351.0,0.0,0.0,0
Ford,Ford GT,0,0,0,0,89,126.0,229.0,175.0,143.0,99
Ford,Ford C0MAX,35210,27595,21768,19834,18390,6683.0,38.0,0.0,0.0,0
Ford,Ford F0Series,763402,753851,780354,820799,896764,909330.0,896526.0,787422.0,726004.0,653957
Ford,Ford Maverick,0,0,0,0,0,0.0,0.0,0.0,13258.0,74370
Ford,Ford Ranger,0,0,0,0,0,0.0,89571.0,101486.0,94755.0,57005
Ford,Ford EcoSport,0,0,0,0,0,54348.0,64708.0,60545.0,40659.0,29193
Ford,Ford Bronco Sport,0,0,0,0,0,0.0,0.0,5120.0,108169.0,99547
Ford,Ford Escape,295993,306212,306492,307069,308296,272228.0,241388.0,178496.0,145415.0,137370
Ford,Ford Bronco,0,0,0,0,0,0.0,0.0,0.0,35023.0,117057
Ford,Ford Edge,129109,108864,124120,134588,142603,134122.0,138515.0,108886.0,85225.0,85465
Ford,Ford Explorer,192397,209994,249251,248507,271131,261571.0,187061.0,226217.0,219871.0,207673
Ford,Ford Flex,25953,23822,19570,22668,22389,20308.0,24484.0,4848.0,0.0,0
Ford,Ford Mustang Mach0E,0,0,0,0,0,0.0,0.0,3.0,27140.0,39458
Ford,Ford Expedition,38350,44632,41443,59835,51883,54661.0,86422.0,77838.0,81988.0,62007
Ford,Ford E0Series,125356,103263,50788,54245,53304,47936.0,45063.0,37001.0,37122.0,32150
Ford,Ford Transit,0,20448,117577,143244,127360,137794.0,153868.0,131556.0,99745.0,99382
Ford,Ford Transit Connect,39703,43210,52221,43232,34473,31923.0,41598.0,34596.0,26112.0,25140
GMC,GMC Canyon,929,3070,30077,37449,32106,33492.0,32825.0,25190.0,24125.0,27819
GMC,GMC Sierra,184389,211833,224139,221680,217943,219554.0,232323.0,253016.0,248924.0,241522
GMC,GMC Hummer Pickup,0,0,0,0,0,0.0,0.0,0.0,1.0,854
GMC,GMC Pickup Truck Total,185318,214903,254216,259129,250049,253046.0,265148.0,278206.0,273050.0,270195
GMC,GMC Terrain,99525,105016,112030,87925,85441,114314.0,101470.0,86020.0,47488.0,86567
GMC,GMC Acadia,89793,83972,96393,88466,111276,88621.0,99429.0,72537.0,59913.0,53014
GMC,GMC Yukon,28302,41569,42732,53447,49183,46190.0,42510.0,40965.0,51365.0,48220
GMC,GMC Yukon XL,31258,29752,31334,37054,35059,34594.0,32163.0,22475.0,32877.0,34084
GMC,GMC Savana,16705,26641,21992,20607,29679,19684.0,24226.0,15108.0,17744.0,25569
Honda,Honda Fit (Jazz),53513,59340,52724,56630,49454,35300.0,35414.0,32488.0,8695.0,0
Honda,Honda Civic,336180,325981,335384,366927,377286,325760.0,325650.0,261225.0,263787.0,133932
Honda,Honda CR0Z,4550,3562,3073,2338,705,38.0,2.0,1.0,0.0,0
Honda,Honda Insight,4802,3965,1458,67,3,12510.0,23686.0,15932.0,19431.0,7628
Honda,Honda Accord,366678,388374,355557,345225,322655,291071.0,267567.0,199458.0,202676.0,154612
Honda,Honda Clarity,0,0,0,0,0,0.0,0.0,0.0,0.0,0
Honda,Honda Clarity Electric,0,0,0,0,1121,948.0,576.0,45.0,1.0,0
Honda,Honda Clarity Fuel Cell,0,0,0,8,432,624.0,320.0,230.0,282.0,205
Honda,Honda Clarity Plug In,0,0,0,0,903,18602.0,10758.0,3940.0,2314.0,3
Honda,Honda FCX Clarity,10,2,2,0,0,0.0,0.0,0.0,0.0,0
Honda,Honda S2000,2,0,0,0,0,0.0,0.0,0.0,0.0,0
Honda,Honda Odyssey,128987,122738,127736,120846,100307,106327.0,99113.0,83409.0,76125.0,47615
Honda,Honda Ridgeline,17723,13389,520,23667,34749,30592.0,33334.0,32168.0,41355.0,42762
Honda,Honda HR0V,0,0,41969,82041,94034,85494.0,99104.0,84027.0,137090.0,115416
Honda,Honda Crosstour,16847,11802,9104,726,5,0.0,0.0,0.0,0.0,0
Honda,Honda CR0V,303904,335019,345647,357335,377895,379013.0,384168.0,333502.0,361271.0,238155
Honda,Honda Honda Pilot,126678,108857,136212,120772,127279,159615.0,135008.0,123813.0,143062.0,99567
Honda,Honda Passport,0,0,0,0,0,0.0,36085.0,39567.0,53133.0,41306
Hyundai,Hyundai Accent (Verna),60458,63309,61486,79766,58955,29090.0,25628.0,15975.0,19614.0,17823
Hyundai,Hyundai Avante (Elantra),247912,222023,241706,208319,198210,200415.0,175094.0,105475.0,124422.0,117177
Hyundai,Hyundai Ioniq,0,0,0,0,11197,15076.0,19574.0,13570.0,19885.0,3672
Hyundai,Hyundai Veloster,30711,27598,24245,30053,12658,10871.0,12849.0,7591.0,2112.0,1920
Hyundai,Hyundai Azera,11221,7232,5539,4942,3060,628.0,0.0,0.0,0.0,0
Hyundai,Hyundai Sonata,203648,216936,213303,199416,131803,105118.0,87466.0,76997.0,93142.0,55131
Hyundai,Hyundai Hyundai Genesis,32330,29992,31374,23230,1152,1.0,0.0,0.0,0.0,0
Hyundai,Hyundai Equus,3578,3415,2332,1361,20,0.0,0.0,0.0,0.0,0
Hyundai,Hyundai Santa Cruz,0,0,0,0,0,0.0,0.0,0.0,10042.0,36480
Hyundai,Hyundai Kona,0,0,0,0,0,47090.0,73326.0,76253.0,90069.0,63994
Hyundai,Hyundai Nexo,0,0,0,0,0,8.0,267.0,208.0,430.0,408
Hyundai,Hyundai Tucson (ix35),41906,47306,63591,89713,114735,142299.0,137381.0,123657.0,150949.0,175307
Hyundai,Hyundai Venue,0,0,0,0,0,0.0,1077.0,19125.0,28653.0,27094
Hyundai,Hyundai IONIQ 5,0,0,0,0,0,0.0,0.0,0.0,153.0,22982
Hyundai,Hyundai Palisade,0,0,0,0,0,0.0,28736.0,81905.0,86539.0,82688
Hyundai,Hyundai Santa Fe,88844,107906,118134,131257,133171,117038.0,127373.0,101513.0,112071.0,119589
Hyundai,Hyundai Veracruz (ix55),175,1,0,0,0,0.0,0.0,0.0,0.0,0
Infiniti,Infiniti G,30256,0,0,0,0,0.0,0.0,0.0,0.0,0
Infiniti,Infiniti Q40,0,15590,8605,59,0,0.0,0.0,0.0,0.0,0
Infiniti,Infiniti Q50,17816,36899,43874,44007,40739,34763.0,25987.0,16533.0,13896.0,4781
Infiniti,Infiniti Q60 (G Coupe),9806,7740,3949,3970,10751,9017.0,5043.0,2792.0,2728.0,1847
Infiniti,Infiniti M,5283,0,0,0,0,0.0,0.0,0.0,0.0,0
Infiniti,Infiniti Q70 (M),0,5034,8449,5872,5772,4479.0,2552.0,139.0,0.0,1
Infiniti,Infiniti QX30,0,0,0,2259,14093,8101.0,3229.0,148.0,1.0,0
Infiniti,Infiniti QX50 (EX),2164,2727,5468,16973,16857,25389.0,18616.0,20885.0,19195.0,11105
Infiniti,Infiniti QX55,0,0,0,0,0,0.0,0.0,0.0,4332.0,5106
Infiniti,Infiniti QX60 (JX),31602,31192,41770,42120,40444,47370.0,43162.0,22880.0,5829.0,16573
Infiniti,Infiniti QX70 (FX),6380,5213,5737,6261,6878,954.0,6.0,0.0,0.0,0
Infiniti,Infiniti QX80 (QX56),13148,12935,15646,16772,17881,19207.0,19113.0,16125.0,12572.0,7206
Jaguar,Jaguar XE,0,0,0,6656,9278,4704.0,3551.0,1516.0,105.0,0
Jaguar,Jaguar F0Type,2250,4112,4629,4069,4108,2268.0,2279.0,1595.0,1753.0,1290
Jaguar,Jaguar XF,7922,5880,5933,6665,4541,2308.0,1187.0,606.0,898.0,827
Jaguar,Jaguar XJ Series,5434,4329,3611,3834,2721,1579.0,1167.0,908.0,15.0,0
Jaguar,Jaguar E0Pace,0,0,0,0,0,4479.0,4782.0,3412.0,2363.0,726
Jaguar,Jaguar F0Pace,0,0,0,10016,18946,14752.0,15491.0,8281.0,7664.0,6632
Jaguar,Jaguar I0Pace,0,0,0,0,0,393.0,2594.0,1658.0,1020.0,306
Jeep,Jeep Jeep Gladiator,0,0,0,0,0,0.0,40037.0,77542.0,89712.0,77855
Jeep,Jeep Renegade,0,0,60946,106606,103434,97062.0,76885.0,62847.0,47138.0,27551
Jeep,Jeep Cherokee,25786,178508,220260,199736,169882,239437.0,191397.0,135855.0,89126.0,40322
Jeep,Jeep Cherokee Liberty,6101,0,0,0,0,0.0,0.0,0.0,0.0,0
Jeep,Jeep Compass,52993,61264,66698,94061,83253,171167.0,143934.0,107969.0,75642.0,86175
Jeep,Jeep Patriot,75797,93462,118464,121926,40735,621.0,27.0,3.0,0.0,0
Jeep,Jeep Wrangler,155502,175328,202702,191774,190522,240032.0,228042.0,201311.0,0.0,0
Jeep,Jeep Grand Cherokee,174275,183786,195958,212273,240696,224908.0,242969.0,209786.0,254445.0,223344
Kia,Kia Rio,40742,35933,23742,28700,16760,22975.0,24961.0,23927.0,31362.0,26996
Kia,Kia Forte,66146,69336,78919,103292,117596,101890.0,95609.0,84997.0,115929.0,108424
Kia,Kia Soul,118079,145316,147133,145768,115712,104709.0,98033.0,71862.0,75126.0,57820
Kia,Kia K5,0,0,0,0,0,0.0,0.0,31656.0,92224.0,66297
Kia,Kia Optima,155893,159020,159414,124203,107493,101603.0,96623.0,48484.0,118.0,1
Kia,Kia Stinger,0,0,0,0,843,16806.0,13861.0,12556.0,13517.0,7809
Kia,Kia Cadenza,8626,9267,7343,4738,7249,4507.0,1630.0,1265.0,249.0,1
Kia,Kia K9 (K900/Quoris),0,1330,2524,834,455,354.0,390.0,305.0,85.0,0
Kia,Kia Sedona (Carnival),7079,14567,36755,44264,23815,17928.0,15931.0,13190.0,25155.0,19706
Kia,Kia NIRO,0,0,0,0,27237,28232.0,24467.0,17434.0,26192.0,28744
Kia,Kia SELTOS,0,0,0,0,0,0.0,0.0,46280.0,51368.0,45711
Kia,Kia Sportage,32965,42945,53739,81066,72824,82823.0,89278.0,84343.0,94601.0,125245
Kia,Kia EV6,0,0,0,0,0,0.0,0.0,0.0,0.0,20498
Kia,Kia Sorento (KX7),105649,102520,116249,114733,99684,107846.0,95951.0,74677.0,81785.0,86406
Kia,Kia Telluride,0,0,0,0,0,0.0,58604.0,75129.0,93705.0,99891
Lamborghini,Lamborghini Unclassified,0,0,1009,1041,1095,1595.0,2716.0,2263.0,2412.0,2567
Lexus,Lexus CT,15071,17673,14657,8903,4690,4.0,0.0,0.0,0.0,0
Lexus,Lexus IS,35017,51358,46430,37289,26482,22927.0,14920.0,13600.0,21998.0,21386
Lexus,Lexus RC,0,1922,14784,11165,7363,3358.0,4591.0,3808.0,2987.0,2648
Lexus,Lexus ES,72581,72508,64969,58299,51398,48484.0,51336.0,43292.0,45406.0,41735
Lexus,Lexus GS,19742,22198,23117,14878,7773,6604.0,3378.0,2560.0,76.0,2
Lexus,Lexus HS,5,0,0,0,0,0.0,0.0,0.0,0.0,0
Lexus,Lexus LC,0,0,0,0,2487,1979.0,1219.0,1325.0,2782.0,1387
Lexus,Lexus LFA,23,17,9,6,3,2.0,3.0,3.0,1.0,0
Lexus,Lexus LS,10727,8559,7165,5514,4094,9302.0,5528.0,3617.0,3739.0,2679
Lexus,Lexus UX,0,0,0,0,0,453.0,16725.0,16962.0,17581.0,10237
Lexus,Lexus NX,0,2927,43764,54884,59341,62079.0,58715.0,55784.0,58514.0,49002
Lexus,Lexus GX,12136,22685,25212,25148,27190,26724.0,25945.0,28519.0,32509.0,29945
Lexus,Lexus LX,4625,4052,3884,5707,6004,4753.0,4718.0,4512.0,3563.0,3642
Lexus,Lexus RX,103920,107490,100610,109435,108307,111641.0,111036.0,101059.0,115320.0,96041
Lincoln,Lincoln MKS,10793,8160,6877,4951,153,0.0,0.0,0.0,0.0,0
Lincoln,Lincoln MKZ,32361,34009,30901,30534,27387,19852.0,17725.0,12518.0,1681.0,0
Lincoln,Lincoln Continental,0,0,0,5261,12012,8758.0,6586.0,5262.0,1460.0,0
Lincoln,Lincoln MKC/Corsair,0,13077,24590,25562,27048,26241.0,25815.0,26227.0,22790.0,27668
Lincoln,Lincoln MKT,6014,4800,4696,4028,3005,2324.0,3388.0,329.0,0.0,0
Lincoln,Lincoln MKX,23913,23995,22199,30967,31031,25966.0,6059.0,0.0,0.0,0
Lincoln,Lincoln Nautilus,0,0,0,0,0,2607.0,25652.0,22742.0,24443.0,20635
Lincoln,Lincoln Aviator,0,0,0,0,0,0.0,8323.0,23080.0,20924.0,21977
Lincoln,Lincoln Navigator,8613,10433,11964,10421,10523,17839.0,18656.0,15252.0,15631.0,13206
Lucid Motors,Lucid Air,0,0,0,0,0,0.0,0.0,0.0,577.0,2656
Maserati,Maserati Unclassified,0,0,11700,12534,13711,11402.0,8150.0,5214.0,7682.0,6730
Maserati,Maserati Grecale,0,0,0,0,0,0.0,0.0,0.0,0.0,89
Mazda,Mazda Demio (Mazda 2),11757,13615,297,3,0,0.0,0.0,0.0,0.0,0
Mazda,Mazda Axela (Mazda 3),104713,104985,107885,95567,75018,64638.0,50741.0,33608.0,37653.0,27767
Mazda,Mazda MX05 (Miata),5780,4745,8591,9465,11294,8971.0,7753.0,8807.0,10547.0,6172
Mazda,Mazda Atenza (Mazda 6),43638,53224,57897,45520,33402,30938.0,21524.0,16204.0,16214.0,335
Mazda,Mazda RX08,1,1,0,0,0,0.0,0.0,0.0,0.0,0
Mazda,Mazda Premacy (Mazda 5),13884,11613,8609,375,10,0.0,0.0,0.0,0.0,0
Mazda,Mazda CX03,0,0,6406,18557,16355,16899.0,16229.0,8335.0,5100.0,0
Mazda,Mazda CX030,0,0,0,0,0,0.0,899.0,38064.0,60185.0,52808
Mazda,Mazda CX05,79544,99122,111450,112235,127563,150622.0,154545.0,146420.0,168448.0,151594
Mazda,Mazda MX030,0,0,0,0,0,0.0,0.0,0.0,116.0,324
Mazda,Mazda Tribute,2,0,0,0,0,0.0,0.0,0.0,0.0,0
Mazda,Mazda CX050,0,0,0,0,0,0.0,0.0,0.0,0.0,21329
Mazda,Mazda CX07,0,0,0,0,0,0.0,0.0,0.0,0.0,0
Mazda,Mazda CX09,24628,18496,18048,16051,25828,28257.0,26861.0,27638.0,34493.0,34580
Mercedes0Benz,Mercedes0Benz A0Class,0,0,0,0,0,0.0,17641.0,15331.0,8092.0,5832
Mercedes0Benz,Mercedes0Benz CLA0Class,14113,27365,29643,25792,20669,22556.0,12400.0,10997.0,6849.0,14598
Mercedes0Benz,Mercedes0Benz C0Class,88251,75065,86080,77167,77447,60409.0,49153.0,26294.0,30648.0,26192
Mercedes0Benz,Mercedes0Benz SLC0Class (SLK0Class),0,0,0,3397,2860,1993.0,1840.0,2122.0,228.0,0
Mercedes0Benz,Mercedes0Benz SLK0Class,4757,4737,4182,0,0,0.0,0.0,0.0,0.0,0
Mercedes0Benz,Mercedes0Benz CLK0Class,0,3,0,0,0,0.0,0.0,0.0,0.0,0
Mercedes0Benz,Mercedes0Benz CLS0Class,8032,6981,6152,4156,1839,899.0,2385.0,2980.0,2322.0,941
Mercedes0Benz,Mercedes0Benz E0Class,69803,66400,49736,46740,49473,45525.0,37728.0,24122.0,18594.0,17877
Mercedes0Benz,Mercedes0Benz AMG0GT,0,0,1277,1227,1608,1525.0,4208.0,3489.0,3129.0,2970
Mercedes0Benz,Mercedes0Benz CL0Class,476,221,54,0,0,0.0,0.0,0.0,0.0,0
Mercedes0Benz,Mercedes0Benz EQE,0,0,0,0,0,0.0,0.0,0.0,0.0,384
Mercedes0Benz,Mercedes0Benz EQS,0,0,0,0,0,0.0,0.0,0.0,443.0,9483
Mercedes0Benz,Mercedes0Benz S0Class,13303,25276,21934,18803,15888,14978.0,12528.0,8589.0,14161.0,15925
Mercedes0Benz,Mercedes0Benz SL0Class,7007,5030,4060,3722,2940,2126.0,1690.0,1782.0,460.0,2027
Mercedes0Benz,Mercedes0Benz SLS0Class,451,232,29,1,0,0.0,0.0,2.0,0.0,0
Mercedes0Benz,Mercedes0Benz B0Class,20,776,1906,632,744,135.0,8.0,1.0,1.0,0
Mercedes0Benz,Mercedes0Benz R0Class,30,8,4,0,0,0.0,0.0,0.0,0.0,0
Mercedes0Benz,Mercedes0Benz GLA0Class,0,6884,25593,24545,24104,24136.0,22137.0,25345.0,14194.0,14085
Mercedes0Benz,Mercedes0Benz GLB,0,0,0,0,0,0.0,1173.0,23183.0,26968.0,23274
Mercedes0Benz,Mercedes0Benz GLC0Class (GLK0Class),0,0,4569,47872,48643,69727.0,73650.0,52627.0,52106.0,65531
Mercedes0Benz,Mercedes0Benz GLK0Class,32553,35000,23333,0,0,0.0,0.0,0.0,0.0,0
Mercedes0Benz,Mercedes0Benz EQS SUV,0,0,0,0,0,0.0,0.0,0.0,0.0,884
Mercedes0Benz,Mercedes0Benz G0Class,2494,3090,3616,3950,4188,3970.0,7348.0,7723.0,8480.0,7018
Mercedes0Benz,Mercedes0Benz GL0Class,29912,26597,27707,0,0,0.0,0.0,0.0,0.0,0
Mercedes0Benz,Mercedes0Benz GLE0Class (M0Class/ML0Class),0,0,20663,51790,54595,46010.0,49980.0,48157.0,65198.0,63050
Mercedes0Benz,Mercedes0Benz GLS0Class (GL0Class),0,0,0,30442,32248,21972.0,22225.0,22172.0,24606.0,20853
Mercedes0Benz,Mercedes0Benz M0Class,41315,46706,32540,0,0,0.0,0.0,0.0,0.0,0
Mercedes0Benz,Mercedes0Benz ML0Class,11,20,10,1,0,0.0,0.0,0.0,0.0,0
Mercedes0Benz,Mercedes0Benz Sprinter,21816,25745,0,0,0,0.0,0.0,0.0,0.0,0
Mercedes0Benz,Mercedes0Benz Unclassified Van,0,0,29889,34304,34994,38178.0,41635.0,50999.0,55692.0,64185
Mercedes0Benz,Mercedes0Benz EQB,0,0,0,0,0,0.0,0.0,0.0,0.0,1672
MINI,MINI Cooper,26954,22843,34967,22438,18981,16400.0,14527.0,12455.0,13391.0,14374
MINI,MINI Clubman,5155,2613,492,12204,7739,4385.0,3565.0,2513.0,2719.0,2581
MINI,MINI Convertible,4460,3536,3098,4584,5512,5334.0,4031.0,3883.0,3380.0,3060
MINI,MINI Coupe,2540,956,460,8,0,0.0,0.0,0.0,0.0,0
MINI,MINI Roadster,2806,1437,1103,5,0,0.0,0.0,0.0,0.0,0
MINI,MINI Countryman,21325,22645,16686,12706,14864,17565.0,13969.0,9287.0,10440.0,9489
MINI,MINI Paceman,3262,2082,1708,85,9,0.0,0.0,0.0,0.0,0
Mitsubishi,Mitsubishi i0MiEV,1029,196,115,94,6,0.0,0.0,0.0,0.0,0
Mitsubishi,Mitsubishi Mirage,2935,16708,21515,22226,22386,24316.0,26966.0,19136.0,22741.0,15816
Mitsubishi,Mitsubishi Lancer,19451,16495,17691,14304,12725,3302.0,0.0,0.0,0.0,0
Mitsubishi,Mitsubishi Eclipse,40,0,0,0,0,0.0,0.0,0.0,0.0,0
Mitsubishi,Mitsubishi Eclipse Spyder,69,0,0,0,0,0.0,0.0,0.0,0.0,0
Mitsubishi,Mitsubishi Galant,1441,122,0,0,0,0.0,0.0,0.0,0.0,0
Mitsubishi,Mitsubishi Eclipse Cross,0,0,0,0,0,9485.0,19661.0,10319.0,8947.0,10718
Mitsubishi,Mitsubishi RVR (ASX/Outlander Sport),24951,31054,36966,33067,33160,39153.0,33644.0,28836.0,34216.0,16373
Mitsubishi,Mitsubishi Outlander,12287,13068,19055,26576,35409,41818.0,40775.0,29096.0,36133.0,42903
Mitsubishi,Mitsubishi Endeavor,24,0,0,0,0,0.0,0.0,0.0,0.0,0
Nissan,Nissan Cube,5461,3785,943,15,0,0.0,0.0,0.0,0.0,0
Nissan,Nissan Leaf,22610,30200,17269,14006,11230,14715.0,12365.0,9564.0,14239.0,12025
Nissan,Nissan Versa,117352,139781,144528,132214,106772,75809.0,66596.0,48273.0,60913.0,13396
Nissan,Nissan Sentra,129143,183268,203509,214709,218451,213046.0,184618.0,94646.0,127861.0,77123
Nissan,Nissan 370Z,6561,7199,7391,5913,4614,3468.0,2384.0,1954.0,36.0,0
Nissan,Nissan Altima,320723,335644,333398,307380,254996,209146.0,209183.0,137988.0,103777.0,139955
Nissan,Nissan Nissan Z,0,0,0,0,0,0.0,0.0,0.0,0.0,263
Nissan,Nissan GT0R,1236,1436,1105,698,578,538.0,331.0,304.0,227.0,57
Nissan,Nissan Maxima,53896,50401,40359,62670,67627,42337.0,35076.0,18062.0,16386.0,7110
Nissan,Nissan Quest,12874,9833,11018,11115,4950,3.0,0.0,0.0,0.0,0
Nissan,Nissan Frontier (Navara),62837,74323,62817,86926,74360,79646.0,72369.0,36845.0,60693.0,76183
Nissan,Nissan Titan,15691,12527,12140,21880,52924,50459.0,31514.0,26439.0,27406.0,15063
Nissan,Nissan Juke,38157,38184,27121,19577,10157,731.0,11.0,0.0,0.0,0
Nissan,Nissan Ariya,0,0,0,0,0,0.0,0.0,0.0,0.0,201
Nissan,Nissan Kicks,0,0,0,0,0,23312.0,58193.0,58858.0,82960.0,54879
Nissan,Nissan Rogue,162751,199199,287190,329904,403465,412110.0,350447.0,227935.0,285602.0,186480
Nissan,Nissan Armada,14383,12593,12737,14035,35667,32650.0,32044.0,19640.0,22814.0,11923
Nissan,Nissan Murano,44684,47301,62907,86953,76732,83547.0,68361.0,58255.0,46117.0,30074
Nissan,Nissan Pathfinder,88632,79111,82041,81701,81065,67550.0,65691.0,48579.0,41324.0,57862
Nissan,Nissan Xterra,17766,16505,10672,38,1,0.0,0.0,0.0,0.0,0
Nissan,Nissan NV,12589,14890,16958,17873,17858,16902.0,20022.0,15247.0,11372.0,3
Nissan,Nissan NV200,4619,13385,17317,18523,18602,18628.0,18768.0,17126.0,17359.0,134
Polestar,Polestar 1,0,0,0,0,0,0.0,0.0,0.0,16.0,149
Polestar,Polestar 2,0,0,0,0,0,0.0,0.0,0.0,2402.0,9322
Porsche,Porsche Boxster/Cayman,7953,7292,6663,6260,5087,5276.0,3880.0,3447.0,4292.0,3484
Porsche,Porsche Taycan,0,0,0,0,0,0.0,0.0,4414.0,9419.0,7271
Porsche,Porsche Panamera,5421,5740,4986,4403,6731,8042.0,6625.0,3870.0,4257.0,4224
Porsche,Porsche Porsche 911,10442,10433,9898,8901,8970,9647.0,9265.0,8840.0,10042.0,10204
Porsche,Porsche Porsche 918,0,96,203,0,0,0.0,0.0,0.0,0.0,0
Porsche,Porsche Macan,0,7241,13533,19332,21429,23504.0,22667.0,18631.0,24716.0,23688
Porsche,Porsche Cayenne,18507,16205,16473,15383,13203,10733.0,19131.0,18092.0,17299.0,21194
Ram,Ram P/U,355673,439789,451116,489418,500723,536980.0,633694.0,563676.0,569388.0,468344
Ram,Ram ProMaster,3270,18039,28345,40440,40483,46600.0,56409.0,50556.0,63361.0,60936
Ram,Ram ProMaster City,0,0,11124,15972,15584,13788.0,12920.0,10409.0,14579.0,15914
Ram,Ram Ram Cargo Van,8900,11311,3222,21,0,0.0,0.0,1.0,3.0,0
Rivian,Rivian R1T,0,0,0,0,0,0.0,0.0,0.0,576.0,17426
Rivian,Rivian R1S,0,0,0,0,0,0.0,0.0,0.0,8.0,676
Rivian,Rivian EDV,0,0,0,0,0,0.0,0.0,0.0,0.0,2230
Scion,Scion iQ,4046,2040,482,6,0,0.0,0.0,0.0,0.0,0
Scion,Scion iA,0,0,7605,0,0,0.0,0.0,0.0,0.0,0
Scion,Scion xD,9005,7377,794,9,2,0.0,0.0,0.0,0.0,0
Scion,Scion FR0S,18327,14062,10507,0,0,0.0,0.0,0.0,0.0,0
Scion,Scion iM,0,0,5097,0,0,0.0,0.0,0.0,0.0,0
Scion,Scion tC,19094,17947,16459,9336,203,2.0,0.0,0.0,0.0,0
Scion,Scion xB,17849,16583,15223,2677,0,3.0,1.0,0.0,0.0,0
smart,smart fortwo,923,2594,1387,657,544,1118.0,583.0,0.0,0.0,0
smart,smart Unclassified,8341,7859,6097,5554,2527,158.0,97.0,0.0,0.0,0
Subaru,Subaru BRZ,8587,7504,5296,4141,4131,3834.0,2334.0,2267.0,2320.0,3345
Subaru,Subaru Impreza,58856,57996,66785,55238,86043,76400.0,66415.0,43628.0,34791.0,30846
Subaru,Subaru WRX,17969,25492,33734,33279,31358,28730.0,21838.0,21178.0,27141.0,18662
Subaru,Subaru Legacy,42291,52270,60447,65306,49837,40109.0,35063.0,27240.0,22766.0,22605
Subaru,Subaru Forester,123592,159953,175192,178593,177563,171613.0,180179.0,176996.0,154723.0,114096
Subaru,Subaru XV,53741,70956,88927,95677,110138,144384.0,131152.0,119716.0,127466.0,155142
Subaru,Subaru Ascent,0,0,0,0,0,36211.0,81958.0,67623.0,59980.0,63704
Subaru,Subaru Outback,118049,138790,152294,182898,188886,178854.0,181178.0,153294.0,154623.0,147262
Subaru,Subaru Solterra,0,0,0,0,0,0.0,0.0,0.0,0.0,919
Subaru,Subaru Tribeca,1598,732,0,0,0,0.0,0.0,0.0,0.0,0
Suzuki,Suzuki Aerio (Liana)/SX4,2859,0,0,0,0,0.0,0.0,0.0,0.0,0
Suzuki,Suzuki Kizashi,1602,0,0,0,0,0.0,0.0,0.0,0.0,0
Suzuki,Suzuki Equator,448,0,0,0,0,0.0,0.0,0.0,0.0,0
Suzuki,Suzuki Escudo (Grand Vitara),1037,0,0,0,0,0.0,0.0,0.0,0.0,0
Tesla,Tesla Model 3,0,0,0,0,1770,138867.0,146450.0,118600.0,123598.0,215500
Tesla,Tesla Model S,18650,16550,26400,29156,26500,25200.0,14000.0,10500.0,15026.0,35000
Tesla,Tesla Model Y,0,0,0,0,0,0.0,0.0,68900.0,189797.0,247344
Tesla,Tesla Model X,0,0,208,18028,21700,23900.0,18500.0,7600.0,19673.0,24600
Toyota,Toyota Aqua (Prius C),41979,40570,38484,20452,12415,8399.0,1276.0,13.0,0.0,0
Toyota,Toyota Vitz (Yaris),21342,13274,16779,10872,8653,2094.0,2186.0,3983.0,109.0,0
Toyota,Toyota Yaris iA,0,0,0,27983,35727,25116.0,19730.0,2454.0,96.0,0
Toyota,Toyota 86,0,0,0,7457,6846,4146.0,3398.0,2476.0,1152.0,11996
Toyota,Toyota Corolla,302180,339498,363332,360483,308695,280886.0,280808.0,217712.0,229785.0,199959
Toyota,Toyota Corolla iM,0,0,0,17727,20501,22846.0,24042.0,19466.0,19208.0,22257
Toyota,Toyota Prius,157260,136040,118020,101340,86567,77129.0,68433.0,43512.0,59010.0,36919
Toyota,Toyota Avalon,70990,67183,60063,48080,32583,33581.0,27767.0,18421.0,19460.0,12215
Toyota,Toyota Camry,408484,428606,429355,388618,387081,343439.0,336978.0,294348.0,313795.0,295201
Toyota,Toyota MIRAI,0,0,72,1034,1838,1700.0,1502.0,499.0,2629.0,2094
Toyota,Toyota Supra,0,0,0,0,0,0.0,2884.0,5887.0,6830.0,4952
Toyota,Toyota Prius v,34989,30762,28290,14840,9680,2062.0,9.0,0.0,0.0,0
Toyota,Toyota Sienna,121117,124502,137497,127791,111489,87672.0,73585.0,42885.0,107990.0,69751
Toyota,Toyota Tacoma,159485,155041,179562,191631,198124,245659.0,248801.0,238806.0,252520.0,237323
Toyota,Toyota Tundra,112732,118493,118880,115489,116285,118258.0,111673.0,109203.0,81959.0,104246
Toyota,Toyota C0HR,0,0,0,0,25755,49642.0,48930.0,42936.0,35707.0,12141
Toyota,Toyota Corolla Cross,0,0,0,0,0,0.0,0.0,0.0,7203.0,56666
Toyota,Toyota FJ Cruiser,13131,14718,229,9,4,3.0,1.0,0.0,1.0,0
Toyota,Toyota 4Runner,51625,76906,97034,111970,128296,139694.0,131888.0,129052.0,144696.0,121023
Toyota,Toyota bZ4X,0,0,0,0,0,0.0,0.0,0.0,0.0,1220
Toyota,Toyota Highlander,127572,146127,158915,191379,215775,244511.0,239438.0,212276.0,264128.0,222805
Toyota,Toyota RAV4,218249,267698,315412,352154,407594,427170.0,448071.0,430387.0,407739.0,399941
Toyota,Toyota Venza,35846,29991,21351,589,14,9.0,9.0,13073.0,61988.0,33683
Toyota,Toyota Land Cruiser,3082,3158,2687,3705,3100,3222.0,3536.0,3147.0,3711.0,48
Toyota,Toyota Sequoia,13811,11806,12583,12771,12156,11121.0,10289.0,7364.0,8070.0,5313
Volvo,Volvo C30,1361,66,0,0,0,0.0,0.0,0.0,0.0,0
Volvo,Volvo C70,3234,779,7,0,0,0.0,0.0,0.0,0.0,0
Volvo,Volvo S60,23210,20457,16993,14789,12454,7583.0,17526.0,11946.0,10550.0,6151
Volvo,Volvo V60,0,4990,7131,6132,4369,4293.0,2664.0,4882.0,3055.0,1385
Volvo,Volvo S80,1935,1753,1887,644,6,0.0,0.0,0.0,0.0,0
Volvo,Volvo S90,0,0,0,2756,8640,6967.0,2545.0,1896.0,608.0,1281
Volvo,Volvo V90,0,0,0,0,2449,2695.0,1507.0,1298.0,877.0,601
Volvo,Volvo XC70,4882,5093,5118,5425,74,0.0,0.0,0.0,0.0,0
Volvo,Volvo C40 Recharge,0,0,0,0,0,0.0,0.0,0.0,42.0,3780
Volvo,Volvo XC40,0,0,0,0,0,12427.0,17654.0,23778.0,26802.0,18558
Volvo,Volvo XC60,19766,19276,26134,20452,22516,32689.0,30578.0,32078.0,41582.0,36181
Volvo,Volvo XC90,6845,3952,12777,32526,30996,31609.0,35760.0,34251.0,38657.0,34101
VW,VW Beetle,43134,29182,22667,15667,15166,14411.0,17215.0,2481.0,12.0,6
VW,VW Eos,4178,3411,2993,387,1,0.0,0.0,0.0,0.0,0
VW,VW Golf,16023,16298,23489,17701,17086,7996.0,10507.0,25858.0,9253.0,8425
VW,VW Golf GTI,13310,17362,23669,23934,22486,16684.0,11672.0,0.0,0.0,0
VW,VW Golf R,1598,15,4141,4493,2706,3468.0,4223.0,0.0,0.0,0
VW,VW Golf SportWagen,0,0,14009,15559,26700,14123.0,10991.0,0.0,0.0,0
VW,VW Jetta,163793,160873,131109,121107,115807,90805.0,100453.0,82663.0,61967.0,38260
VW,VW Arteon,0,0,0,0,0,0.0,2449.0,3602.0,5537.0,1742
VW,VW Passat (Santana),109652,96649,78207,73002,60722,41401.0,14123.0,22964.0,24396.0,2419
VW,VW Passat CC,15672,9995,6276,3237,1355,455.0,58.0,96.0,2.0,1
VW,VW Routan,2109,1103,0,0,0,0.0,0.0,0.0,0.0,0
VW,VW ID.4,0,0,0,0,0,0.0,0.0,0.0,16742.0,20511
VW,VW Taos,0,0,0,0,0,0.0,0.0,0.0,31682.0,59103
VW,VW Tiguan,30002,25121,35843,43638,46983,103022.0,109963.0,100705.0,109747.0,88577
VW,VW Atlas,0,0,0,0,27119,59677.0,81508.0,87361.0,115687.0,82025
VW,VW Touareg,8233,6961,7037,4223,3545,2022.0,160.0,54.0,6.0,0
